/* File used by Spring Boot to load the h2 database tables */
INSERT INTO LOOKUP_MARITAL_STATUS (MAR_STATUS_CD, MAR_STATUS_TX) values ('A','Marriage Annuled');
INSERT INTO LOOKUP_MARITAL_STATUS (MAR_STATUS_CD, MAR_STATUS_TX) values ('D','Divorced');
INSERT INTO LOOKUP_MARITAL_STATUS (MAR_STATUS_CD, MAR_STATUS_TX) values ('I','Interlocutory Decree');
INSERT INTO LOOKUP_MARITAL_STATUS (MAR_STATUS_CD, MAR_STATUS_TX) values ('L','Legally Separated');
INSERT INTO LOOKUP_MARITAL_STATUS (MAR_STATUS_CD, MAR_STATUS_TX) values ('M','Married');
INSERT INTO LOOKUP_MARITAL_STATUS (MAR_STATUS_CD, MAR_STATUS_TX) values ('N','Never Married');
INSERT INTO LOOKUP_MARITAL_STATUS (MAR_STATUS_CD, MAR_STATUS_TX) values ('R','Separated (Other Than Legally)');
INSERT INTO LOOKUP_MARITAL_STATUS (MAR_STATUS_CD, MAR_STATUS_TX) values ('W','Widowed');

INSERT INTO LOOKUP_RATING_LEVEL (RATING_CD, RATING_TX) values (1,'Does Not Meet Expectations');
INSERT INTO LOOKUP_RATING_LEVEL (RATING_CD, RATING_TX) values (2,'Meets Expectations');
INSERT INTO LOOKUP_RATING_LEVEL (RATING_CD, RATING_TX) values (3,'Exceeds Expectations');
INSERT INTO LOOKUP_RATING_LEVEL (RATING_CD, RATING_TX) values (4,'Superb');



INSERT INTO PERSON_EVAL_QUESTION (PERS_EVAL_QUESTION_ID,QUESTION_NAME,QUESTION_TX,QUESTION_ORDER,QUESTION_BEG_DT,QUESTION_END_DT) VALUES (1,'Question One','Meets guidelines for Question One',100,{d '1970-01-01'},{d '9999-12-31'});
INSERT INTO PERSON_EVAL_QUESTION (PERS_EVAL_QUESTION_ID,QUESTION_NAME,QUESTION_TX,QUESTION_ORDER,QUESTION_BEG_DT,QUESTION_END_DT) VALUES (2,'Question Two','Meets guidelines for Question Two',200,{d '1970-01-01'},{d '9999-12-31'});
INSERT INTO PERSON_EVAL_QUESTION (PERS_EVAL_QUESTION_ID,QUESTION_NAME,QUESTION_TX,QUESTION_ORDER,QUESTION_BEG_DT,QUESTION_END_DT) VALUES (3,'Question Three','Meets guidelines for Question Three',300,{d '1970-01-01'},{d '9999-12-31'});
INSERT INTO PERSON_EVAL_QUESTION (PERS_EVAL_QUESTION_ID,QUESTION_NAME,QUESTION_TX,QUESTION_ORDER,QUESTION_BEG_DT,QUESTION_END_DT) VALUES (4,'Question Four','Meets guidelines for Question Four',400,{d '1970-01-01'},{d '9999-12-31'});
INSERT INTO PERSON_EVAL_QUESTION (PERS_EVAL_QUESTION_ID,QUESTION_NAME,QUESTION_TX,QUESTION_ORDER,QUESTION_BEG_DT,QUESTION_END_DT) VALUES (5,'Question Five','Meets guidelines for Question Five',500,{d '1970-01-01'},{d '9999-12-31'});
INSERT INTO PERSON_EVAL_QUESTION (PERS_EVAL_QUESTION_ID,QUESTION_NAME,QUESTION_TX,QUESTION_ORDER,QUESTION_BEG_DT,QUESTION_END_DT) VALUES (6,'Question Six','Meets guidelines for Question Six',600,{d '1970-01-01'},{d '9999-12-31'});
INSERT INTO PERSON_EVAL_QUESTION (PERS_EVAL_QUESTION_ID,QUESTION_NAME,QUESTION_TX,QUESTION_ORDER,QUESTION_BEG_DT,QUESTION_END_DT) VALUES (7,'Question Seven','Meets guidelines for Question Seven',700,{d '1970-01-01'},{d '9999-12-31'});
INSERT INTO PERSON_EVAL_QUESTION (PERS_EVAL_QUESTION_ID,QUESTION_NAME,QUESTION_TX,QUESTION_ORDER,QUESTION_BEG_DT,QUESTION_END_DT) VALUES (8,'Question Eight','Meets guidelines for Question Eight',800,{d '1970-01-01'},{d '9999-12-31'});
INSERT INTO PERSON_EVAL_QUESTION (PERS_EVAL_QUESTION_ID,QUESTION_NAME,QUESTION_TX,QUESTION_ORDER,QUESTION_BEG_DT,QUESTION_END_DT) VALUES (9,'Question Nine','Meets guidelines for Question Nine',900,{d '1970-01-01'},{d '9999-12-31'});
INSERT INTO PERSON_EVAL_QUESTION (PERS_EVAL_QUESTION_ID,QUESTION_NAME,QUESTION_TX,QUESTION_ORDER,QUESTION_BEG_DT,QUESTION_END_DT) VALUES (10,'Question Ten','Meets guidelines for Question Ten',1000,{d '1970-01-01'},{d '9999-12-31'});
INSERT INTO PERSON_EVAL_QUESTION (PERS_EVAL_QUESTION_ID,QUESTION_NAME,QUESTION_TX,QUESTION_ORDER,QUESTION_BEG_DT,QUESTION_END_DT) VALUES (11,'Question Eleven','Meets guidelines for Question Eleven',1100,{d '1970-01-01'},{d '9999-12-31'});

INSERT INTO PERSON (PERSON_ID,FIRST_NAME,LAST_NAME,MAR_STATUS_CD) VALUES ('Q3776','Candace','Wynn','N');
INSERT INTO PERSON (PERSON_ID,FIRST_NAME,LAST_NAME,MAR_STATUS_CD) VALUES ('O3906','Pascale','Cannon','M');
INSERT INTO PERSON (PERSON_ID,FIRST_NAME,LAST_NAME,MAR_STATUS_CD) VALUES ('S7041','Christian','Washington','M');
INSERT INTO PERSON (PERSON_ID,FIRST_NAME,LAST_NAME,MAR_STATUS_CD) VALUES ('U0934','Brock','Santana','D');
INSERT INTO PERSON (PERSON_ID,FIRST_NAME,LAST_NAME,MAR_STATUS_CD) VALUES ('R8476','Leo','Moses','M');
INSERT INTO PERSON (PERSON_ID,FIRST_NAME,LAST_NAME,MAR_STATUS_CD) VALUES ('H5240','Yvette','Cannon','N');
INSERT INTO PERSON (PERSON_ID,FIRST_NAME,LAST_NAME,MAR_STATUS_CD) VALUES ('C2469','Keelie','Albert','N');
INSERT INTO PERSON (PERSON_ID,FIRST_NAME,LAST_NAME,MAR_STATUS_CD) VALUES ('Z2521','Ann','Downs','W');
INSERT INTO PERSON (PERSON_ID,FIRST_NAME,LAST_NAME,MAR_STATUS_CD) VALUES ('Y6766','Hermione','Buckner','N');
INSERT INTO PERSON (PERSON_ID,FIRST_NAME,LAST_NAME,MAR_STATUS_CD) VALUES ('H2551','Melinda','Cantrell','N');
INSERT INTO PERSON (PERSON_ID,FIRST_NAME,LAST_NAME,MAR_STATUS_CD) VALUES ('V5584','Fritz','Ford','D');
INSERT INTO PERSON (PERSON_ID,FIRST_NAME,LAST_NAME,MAR_STATUS_CD) VALUES ('E4288','Isabelle','Santos','M');
INSERT INTO PERSON (PERSON_ID,FIRST_NAME,LAST_NAME,MAR_STATUS_CD) VALUES ('Z5162','Zorita','Bowman','M');
INSERT INTO PERSON (PERSON_ID,FIRST_NAME,LAST_NAME,MAR_STATUS_CD) VALUES ('S8196','Amity','Mckenzie','L');
INSERT INTO PERSON (PERSON_ID,FIRST_NAME,LAST_NAME,MAR_STATUS_CD) VALUES ('S9608','Charles','Sutton','N');
INSERT INTO PERSON (PERSON_ID,FIRST_NAME,LAST_NAME,MAR_STATUS_CD) VALUES ('H4286','Lee','Matthews','N');
INSERT INTO PERSON (PERSON_ID,FIRST_NAME,LAST_NAME,MAR_STATUS_CD) VALUES ('B4144','Wade','Nguyen','M');
INSERT INTO PERSON (PERSON_ID,FIRST_NAME,LAST_NAME,MAR_STATUS_CD) VALUES ('V3631','Oprah','Craig','W');
INSERT INTO PERSON (PERSON_ID,FIRST_NAME,LAST_NAME,MAR_STATUS_CD) VALUES ('P8204','Keith','Wagner','N');
INSERT INTO PERSON (PERSON_ID,FIRST_NAME,LAST_NAME,MAR_STATUS_CD) VALUES ('U9978','Tate','Hale','M');
INSERT INTO PERSON (PERSON_ID,FIRST_NAME,LAST_NAME,MAR_STATUS_CD) VALUES ('Z0199','Lucas','Mckee','D');

INSERT INTO PERSON_ADDRESS (PERSON_ID,ADDR_USG_CD,STREET_LINE1_TX,CITY_TX,STATE_AB,CNTRY_CD,ZIP_CD,LATITUDE,LONGITUDE) VALUES ('Q3776','D','Ap #679-9384 Quisque Rd.','Schenectady','NY','US','12301',51.73267,85.8022);
INSERT INTO PERSON_ADDRESS (PERSON_ID,ADDR_USG_CD,STREET_LINE1_TX,CITY_TX,STATE_AB,CNTRY_CD,ZIP_CD,LATITUDE,LONGITUDE) VALUES ('O3906','D','1672 A, Av.','Schenectady','NY','US','12302',11.8504,0.25486);
INSERT INTO PERSON_ADDRESS (PERSON_ID,ADDR_USG_CD,STREET_LINE1_TX,CITY_TX,STATE_AB,CNTRY_CD,ZIP_CD,LATITUDE,LONGITUDE) VALUES ('S7041','D','4389 Elit Avenue','Schenectady','NY','US','12306',-83.5188,-174.66998);
INSERT INTO PERSON_ADDRESS (PERSON_ID,ADDR_USG_CD,STREET_LINE1_TX,CITY_TX,STATE_AB,CNTRY_CD,ZIP_CD,LATITUDE,LONGITUDE) VALUES ('U0934','D','5090 Ipsum Rd.','Schenectady','NY','US','12324',66.40871,-156.94047);
INSERT INTO PERSON_ADDRESS (PERSON_ID,ADDR_USG_CD,STREET_LINE1_TX,CITY_TX,STATE_AB,CNTRY_CD,ZIP_CD,LATITUDE,LONGITUDE) VALUES ('R8476','D','Ap #299-2582 Praesent Rd.','Schenectady','NY','US','12345',47.00357,-42.3398);
INSERT INTO PERSON_ADDRESS (PERSON_ID,ADDR_USG_CD,STREET_LINE1_TX,CITY_TX,STATE_AB,CNTRY_CD,ZIP_CD,LATITUDE,LONGITUDE) VALUES ('H5240','D','P.O. Box 597, 7785 Amet Street','Alexandria','KY','US','41001',80.21159,54.56222);
INSERT INTO PERSON_ADDRESS (PERSON_ID,ADDR_USG_CD,STREET_LINE1_TX,CITY_TX,STATE_AB,CNTRY_CD,ZIP_CD,LATITUDE,LONGITUDE) VALUES ('C2469','D','3463 Tempor Ave','Corinth','KY','US','41010',-78.64017,-28.19426);
INSERT INTO PERSON_ADDRESS (PERSON_ID,ADDR_USG_CD,STREET_LINE1_TX,CITY_TX,STATE_AB,CNTRY_CD,ZIP_CD,LATITUDE,LONGITUDE) VALUES ('Z2521','D','242-8641 Enim St.','Erlanger','KY','US','41018',79.70366,-128.34736);
INSERT INTO PERSON_ADDRESS (PERSON_ID,ADDR_USG_CD,STREET_LINE1_TX,CITY_TX,STATE_AB,CNTRY_CD,ZIP_CD,LATITUDE,LONGITUDE) VALUES ('Y6766','D','P.O. Box 198, 9436 Leo, Road','Fort Thomas','KY','US','41075',-8.73437,92.26808);
INSERT INTO PERSON_ADDRESS (PERSON_ID,ADDR_USG_CD,STREET_LINE1_TX,CITY_TX,STATE_AB,CNTRY_CD,ZIP_CD,LATITUDE,LONGITUDE) VALUES ('H2551','D','Ap #937-8897 Non Rd.','Bellevue','KY','US','41073',-47.1902,-57.8402);
INSERT INTO PERSON_ADDRESS (PERSON_ID,ADDR_USG_CD,STREET_LINE1_TX,CITY_TX,STATE_AB,CNTRY_CD,ZIP_CD,LATITUDE,LONGITUDE) VALUES ('V5584','D','P.O. Box 204, 6671 Penatibus Rd.','St. Petersburg','FL','US','72865',-79.76239,-154.24545);
INSERT INTO PERSON_ADDRESS (PERSON_ID,ADDR_USG_CD,STREET_LINE1_TX,CITY_TX,STATE_AB,CNTRY_CD,ZIP_CD,LATITUDE,LONGITUDE) VALUES ('E4288','D','130-5077 Convallis, Road','Racine','WI','US','37212',70.3831,84.51707);
INSERT INTO PERSON_ADDRESS (PERSON_ID,ADDR_USG_CD,STREET_LINE1_TX,CITY_TX,STATE_AB,CNTRY_CD,ZIP_CD,LATITUDE,LONGITUDE) VALUES ('Z5162','D','Ap #628-6611 Ut Rd.','Butte','MT','US','17484',-64.43796,101.44321);
INSERT INTO PERSON_ADDRESS (PERSON_ID,ADDR_USG_CD,STREET_LINE1_TX,CITY_TX,STATE_AB,CNTRY_CD,ZIP_CD,LATITUDE,LONGITUDE) VALUES ('S8196','D','1364 Massa. Ave','Birmingham','AL','US','36556',-44.62528,-111.01687);
INSERT INTO PERSON_ADDRESS (PERSON_ID,ADDR_USG_CD,STREET_LINE1_TX,CITY_TX,STATE_AB,CNTRY_CD,ZIP_CD,LATITUDE,LONGITUDE) VALUES ('S9608','D','Ap #656-3837 Semper, Rd.','Kansas City','MO','US','86087',-34.97211,-29.11954);
INSERT INTO PERSON_ADDRESS (PERSON_ID,ADDR_USG_CD,STREET_LINE1_TX,CITY_TX,STATE_AB,CNTRY_CD,ZIP_CD,LATITUDE,LONGITUDE) VALUES ('H4286','D','890-1038 Ut St.','Hillsboro','OR','US','54667',-17.71282,-16.88539);
INSERT INTO PERSON_ADDRESS (PERSON_ID,ADDR_USG_CD,STREET_LINE1_TX,CITY_TX,STATE_AB,CNTRY_CD,ZIP_CD,LATITUDE,LONGITUDE) VALUES ('B4144','D','P.O. Box 338, 3954 Sed Rd.','Missoula','MT','US','39147',69.48424,-34.16599);
INSERT INTO PERSON_ADDRESS (PERSON_ID,ADDR_USG_CD,STREET_LINE1_TX,CITY_TX,STATE_AB,CNTRY_CD,ZIP_CD,LATITUDE,LONGITUDE) VALUES ('V3631','D','Ap #434-9600 Nec St.','Provo','UT','US','57741',88.74688,45.34151);
INSERT INTO PERSON_ADDRESS (PERSON_ID,ADDR_USG_CD,STREET_LINE1_TX,CITY_TX,STATE_AB,CNTRY_CD,ZIP_CD,LATITUDE,LONGITUDE) VALUES ('P8204','D','8237 Et Rd.','Topeka','KS','US','18569',38.93107,-13.48971);
INSERT INTO PERSON_ADDRESS (PERSON_ID,ADDR_USG_CD,STREET_LINE1_TX,CITY_TX,STATE_AB,CNTRY_CD,ZIP_CD,LATITUDE,LONGITUDE) VALUES ('U9978','D','Ap #852-8483 Amet Avenue','Richmond','VA','US','31807',-54.66614,128.00777);
INSERT INTO PERSON_ADDRESS (PERSON_ID,ADDR_USG_CD,STREET_LINE1_TX,CITY_TX,STATE_AB,CNTRY_CD,ZIP_CD,LATITUDE,LONGITUDE) VALUES ('Z0199','D','4504 Mailing Road','Akron','OH','US','85079',43.00806,-72.67571);
/* Add Mailing addresses for some Persons. The street address contains "Mailing" */
INSERT INTO PERSON_ADDRESS (PERSON_ID,ADDR_USG_CD,STREET_LINE1_TX,CITY_TX,STATE_AB,CNTRY_CD,ZIP_CD,LATITUDE,LONGITUDE) VALUES ('Q3776','M','Ap #679-9384 Mailing Rd.','Schenectady','NY','US','12301',51.73267,85.8022);
INSERT INTO PERSON_ADDRESS (PERSON_ID,ADDR_USG_CD,STREET_LINE1_TX,CITY_TX,STATE_AB,CNTRY_CD,ZIP_CD,LATITUDE,LONGITUDE) VALUES ('O3906','M','1672 Mailing, Av.','Schenectady','NY','US','12302',11.8504,0.25486);
INSERT INTO PERSON_ADDRESS (PERSON_ID,ADDR_USG_CD,STREET_LINE1_TX,CITY_TX,STATE_AB,CNTRY_CD,ZIP_CD,LATITUDE,LONGITUDE) VALUES ('S7041','M','4389 Mailing Avenue','Schenectady','NY','US','12306',-83.5188,-174.66998);
INSERT INTO PERSON_ADDRESS (PERSON_ID,ADDR_USG_CD,STREET_LINE1_TX,CITY_TX,STATE_AB,CNTRY_CD,ZIP_CD,LATITUDE,LONGITUDE) VALUES ('U0934','M','5090 Mailing Rd.','Schenectady','NY','US','12324',66.40871,-156.94047);
INSERT INTO PERSON_ADDRESS (PERSON_ID,ADDR_USG_CD,STREET_LINE1_TX,CITY_TX,STATE_AB,CNTRY_CD,ZIP_CD,LATITUDE,LONGITUDE) VALUES ('R8476','M','Ap #299-2582 Mailing Rd.','Schenectady','NY','US','12345',47.00357,-42.3398);
INSERT INTO PERSON_ADDRESS (PERSON_ID,ADDR_USG_CD,STREET_LINE1_TX,CITY_TX,STATE_AB,CNTRY_CD,ZIP_CD,LATITUDE,LONGITUDE) VALUES ('H5240','M','597 Mailing, 7785 Amet Street','Alexandria','KY','US','41001',80.21159,54.56222);
INSERT INTO PERSON_ADDRESS (PERSON_ID,ADDR_USG_CD,STREET_LINE1_TX,CITY_TX,STATE_AB,CNTRY_CD,ZIP_CD,LATITUDE,LONGITUDE) VALUES ('C2469','M','3463 Mailing Ave','Corinth','KY','US','41010',-78.64017,-28.19426);
INSERT INTO PERSON_ADDRESS (PERSON_ID,ADDR_USG_CD,STREET_LINE1_TX,CITY_TX,STATE_AB,CNTRY_CD,ZIP_CD,LATITUDE,LONGITUDE) VALUES ('Z2521','M','242-8641 Mailing St.','Erlanger','OK','US','41018',79.70366,-128.34736);
INSERT INTO PERSON_ADDRESS (PERSON_ID,ADDR_USG_CD,STREET_LINE1_TX,CITY_TX,STATE_AB,CNTRY_CD,ZIP_CD,LATITUDE,LONGITUDE) VALUES ('Y6766','M','198 Mailing, 9436 Leo, Road','Fort Thomas','KY','US','41075',-8.73437,92.26808);
INSERT INTO PERSON_ADDRESS (PERSON_ID,ADDR_USG_CD,STREET_LINE1_TX,CITY_TX,STATE_AB,CNTRY_CD,ZIP_CD,LATITUDE,LONGITUDE) VALUES ('H2551','M','Ap #937-8897 Mailing Rd.','Bellevue','KY','US','41073',-47.1902,-57.8402);

/* TODO: Add Evaluation for a person, with answers. Add Evaluation for a person without answers. Add multiple evaluations, with answers, for a person */
INSERT INTO PERSON_EVAL (PERSON_ID,PERSON_EVAL_ID,OTHER_TX,RATING_CD,COMPLETE) VALUES ('Q3776',1,'Evaluation text',2,0);

INSERT into STATE values ('AL', 'Alabama'),
('AK', 'Alaska'),
('AZ', 'Arizona'),
('AR', 'Arkansas'),
('CA', 'California'),
('CO', 'Colorado'),
('CT', 'Connecticut'),
('DE', 'Delaware'),
('DC', 'District of Columbia'),
('FL', 'Florida'),
('GA', 'Georgia'),
('HI', 'Hawaii'),
('ID', 'Idaho'),
('IL', 'Illinois'),
('IN', 'Indiana'),
('IA', 'Iowa'),
('KS', 'Kansas'),
('KY', 'Kentucky'),
('LA', 'Louisiana'),
('ME', 'Maine'),
('MD', 'Maryland'),
('MA', 'Massachusetts'),
('MI', 'Michigan'),
('MN', 'Minnesota'),
('MS', 'Mississippi'),
('MO', 'Missouri'),
('MT', 'Montana'),
('NE', 'Nebraska'),
('NV', 'Nevada'),
('NH', 'New Hampshire'),
('NJ', 'New Jersey'),
('NM', 'New Mexico'),
('NY', 'New York'),
('NC', 'North Carolina'),
('ND', 'North Dakota'),
('OH', 'Ohio'),
('OK', 'Oklahoma'),
('OR', 'Oregon'),
('PA', 'Pennsylvania'),
('PR', 'Puerto Rico'),
('RI', 'Rhode Island'),
('SC', 'South Carolina'),
('SD', 'South Dakota'),
('TN', 'Tennessee'),
('TX', 'Texas'),
('UT', 'Utah'),
('VT', 'Vermont'),
('VA', 'Virginia'),
('WA', 'Washington'),
('WV', 'West Virginia'),
('WI', 'Wisconsin'),
('WY', 'Wyoming');

INSERT INTO STUDENT (STUDENT_ID, FIRST_NAME, LAST_NAME) VALUES (1, 'Max', 'Edison');

INSERT INTO STUDENT_ADDRESS (STUDENT_ID,ADDRESS_TYPE_CD,STREET_ADDRESS,CITY_TX,STATE_CD,ZIP_CD) VALUES (1,'D','123 Main St.','Newport','KY','41071');
INSERT INTO STUDENT_ADDRESS (STUDENT_ID,ADDRESS_TYPE_CD,STREET_ADDRESS,CITY_TX,STATE_CD,ZIP_CD) VALUES (1,'M','P.O. Box 683','Newport','KY','41071');

INSERT INTO COURSE (COURSE_ID,COURSE_NM) VALUES (1001,'English 1');
INSERT INTO COURSE (COURSE_ID,COURSE_NM) VALUES (1101,'Alegra 1');
INSERT INTO COURSE (COURSE_ID,COURSE_NM) VALUES (1201,'US History');
INSERT INTO COURSE (COURSE_ID,COURSE_NM) VALUES (1301,'Biology 1');

